site link, category
https://www.khanoumi.com/noreva-actipur-bb-cream-22559,آرایشی
https://www.khanoumi.com/neuderm-renewal-intense-nail-repair-cream-30233,آرایشی
https://www.khanoumi.com/golden-rose-velvet-matte-lipstick-15581,آرایشی
https://www.khanoumi.com/golden-rose-matte-lipstick-4587,آرایشی
https://www.khanoumi.com/golden-rose-longstay-liquid-matte-lipstick-16581,آرایشی
https://www.khanoumi.com/inlay-lipstick-17178,آرایشی
https://www.khanoumi.com/bourjois-healthy-mix-foundation-3,آرایشی
https://www.khanoumi.com/golden-ros-bb-cream-15609,آرایشی
https://www.khanoumi.com/golden-rose-make-up-primer-mattifying-and--pore-minimising-finish-4450,آرایشی
https://www.khanoumi.com/callista-liquid-long-lasting-and-matt-foundation-19712,آرایشی
https://www.khanoumi.com/golden-rose-lip-liner-15618,آرایشی
https://www.khanoumi.com/callista-cover-up-concealer-19725,آرایشی
https://www.khanoumi.com/inlay-foundation-17177,آرایشی
https://www.khanoumi.com/essence-the-gel-nail-polish-4486,آرایشی
https://www.khanoumi.com/golden-rose-stick-foundation-15591,آرایشی
https://www.khanoumi.com/my-lipstick-16978,آرایشی
https://www.khanoumi.com/my-nail-polish-17341,آرایشی
https://www.khanoumi.com/golden-rose-highlighter-stick-15592,آرایشی
https://www.khanoumi.com/inlay-nail-polish-17183,آرایشی
https://www.khanoumi.com/golden-rose-professional-palette-eyeshadow-16163,آرایشی
https://www.khanoumi.com/note-mattifying-extreme-wear--foundation-19324,آرایشی
https://www.khanoumi.com/note-long-wearing-lipstick-19305,آرایشی
https://www.khanoumi.com/note-ultra-rich-color-eye-pencil-19332,آرایشی
https://www.khanoumi.com/golden-rose-matte-mousse-15596,آرایشی
https://www.khanoumi.com/callista-matt-lipstick-19719,آرایشی
https://www.khanoumi.com/cinere-foundation-17104,آرایشی
https://www.khanoumi.com/golden-rose-liquid-concealer-16162,آرایشی
https://www.khanoumi.com/note-mattemoist-lipstick-19306,آرایشی
https://www.khanoumi.com/golden-rose-mineral-terracotta-powder-16241,آرایشی
https://www.khanoumi.com/my-diamond-velvet-makeup-foundation-19734,آرایشی
https://www.khanoumi.com/note-long-wearing-lipgloss-19308,آرایشی
https://www.khanoumi.com/my-diamond-stay-matte-lipstick-19733,آرایشی
https://www.khanoumi.com/prime-spf-25-trio-active-eye-concealer-18534,آرایشی
https://www.khanoumi.com/golden-rose-satin-smoothing-fluid-foundation-15607,آرایشی
https://www.khanoumi.com/golden-rose-contour-crayon-18213,آرایشی
https://www.khanoumi.com/callista-comfort-foundation-19713,آرایشی
https://www.khanoumi.com/note-ultra-rich-color-lipstick-19307,آرایشی
https://www.khanoumi.com/golden-rose-make-up-primer-luminious-finish-4451,آرایشی
https://www.khanoumi.com/callista-wonder-volume-mascara-19727,آرایشی
https://www.khanoumi.com/my-diamond-matt-makeup-foundation-19735,آرایشی
https://www.khanoumi.com/seagull-vitamin-c-cc-cream-19952,آرایشی
https://www.khanoumi.com/callista-smooth-compact-powder-19715,آرایشی
https://www.khanoumi.com/my-compact-powder-16983,آرایشی
https://www.khanoumi.com/golden-rose-terracotta-stardust-15599,آرایشی
https://www.khanoumi.com/inlay-pressed-powder-17181,آرایشی
https://www.khanoumi.com/callista-stain-matt-lip-gloss-19720,آرایشی
https://www.khanoumi.com/note-professional-eyeshadow-19320,آرایشی
https://www.khanoumi.com/remilya-amazing-volume-mascara-21284,آرایشی